tahun,bulan,provinsi,harga
2026,1,Aceh,
2026,2,Aceh,
2026,3,Aceh,
2026,4,Aceh,
2026,5,Aceh,
2026,6,Aceh,
2026,7,Aceh,
2026,8,Aceh,
2026,9,Aceh,
2026,10,Aceh,
2026,11,Aceh,
2026,12,Aceh,
2026,1,Sumatera Utara,3634
2026,2,Sumatera Utara,3634
2026,3,Sumatera Utara,
2026,4,Sumatera Utara,
2026,5,Sumatera Utara,
2026,6,Sumatera Utara,
2026,7,Sumatera Utara,
2026,8,Sumatera Utara,
2026,9,Sumatera Utara,
2026,10,Sumatera Utara,
2026,11,Sumatera Utara,
2026,12,Sumatera Utara,
2026,1,Sumatera Barat,
2026,2,Sumatera Barat,
2026,3,Sumatera Barat,
2026,4,Sumatera Barat,
2026,5,Sumatera Barat,
2026,6,Sumatera Barat,
2026,7,Sumatera Barat,
2026,8,Sumatera Barat,
2026,9,Sumatera Barat,
2026,10,Sumatera Barat,
2026,11,Sumatera Barat,
2026,12,Sumatera Barat,
2026,1,Riau,3487
2026,2,Riau,
2026,3,Riau,
2026,4,Riau,
2026,5,Riau,
2026,6,Riau,
2026,7,Riau,
2026,8,Riau,
2026,9,Riau,
2026,10,Riau,
2026,11,Riau,
2026,12,Riau,
2026,1,Jambi,
2026,2,Jambi,
2026,3,Jambi,
2026,4,Jambi,
2026,5,Jambi,
2026,6,Jambi,
2026,7,Jambi,
2026,8,Jambi,
2026,9,Jambi,
2026,10,Jambi,
2026,11,Jambi,
2026,12,Jambi,
2026,1,Sumatera Selatan,3469
2026,2,Sumatera Selatan,
2026,3,Sumatera Selatan,
2026,4,Sumatera Selatan,
2026,5,Sumatera Selatan,
2026,6,Sumatera Selatan,
2026,7,Sumatera Selatan,
2026,8,Sumatera Selatan,
2026,9,Sumatera Selatan,
2026,10,Sumatera Selatan,
2026,11,Sumatera Selatan,
2026,12,Sumatera Selatan,
2026,1,Bengkulu,
2026,2,Bengkulu,
2026,3,Bengkulu,
2026,4,Bengkulu,
2026,5,Bengkulu,
2026,6,Bengkulu,
2026,7,Bengkulu,
2026,8,Bengkulu,
2026,9,Bengkulu,
2026,10,Bengkulu,
2026,11,Bengkulu,
2026,12,Bengkulu,
2026,1,Lampung,
2026,2,Lampung,
2026,3,Lampung,
2026,4,Lampung,
2026,5,Lampung,
2026,6,Lampung,
2026,7,Lampung,
2026,8,Lampung,
2026,9,Lampung,
2026,10,Lampung,
2026,11,Lampung,
2026,12,Lampung,
2026,1,Kepulauan Bangka Belitung,
2026,2,Kepulauan Bangka Belitung,
2026,3,Kepulauan Bangka Belitung,
2026,4,Kepulauan Bangka Belitung,
2026,5,Kepulauan Bangka Belitung,
2026,6,Kepulauan Bangka Belitung,
2026,7,Kepulauan Bangka Belitung,
2026,8,Kepulauan Bangka Belitung,
2026,9,Kepulauan Bangka Belitung,
2026,10,Kepulauan Bangka Belitung,
2026,11,Kepulauan Bangka Belitung,
2026,12,Kepulauan Bangka Belitung,
2026,1,Kepulauan Riau,
2026,2,Kepulauan Riau,
2026,3,Kepulauan Riau,
2026,4,Kepulauan Riau,
2026,5,Kepulauan Riau,
2026,6,Kepulauan Riau,
2026,7,Kepulauan Riau,
2026,8,Kepulauan Riau,
2026,9,Kepulauan Riau,
2026,10,Kepulauan Riau,
2026,11,Kepulauan Riau,
2026,12,Kepulauan Riau,
2026,1,DKI Jakarta,
2026,2,DKI Jakarta,
2026,3,DKI Jakarta,
2026,4,DKI Jakarta,
2026,5,DKI Jakarta,
2026,6,DKI Jakarta,
2026,7,DKI Jakarta,
2026,8,DKI Jakarta,
2026,9,DKI Jakarta,
2026,10,DKI Jakarta,
2026,11,DKI Jakarta,
2026,12,DKI Jakarta,
2026,1,Jawa Barat,
2026,2,Jawa Barat,
2026,3,Jawa Barat,
2026,4,Jawa Barat,
2026,5,Jawa Barat,
2026,6,Jawa Barat,
2026,7,Jawa Barat,
2026,8,Jawa Barat,
2026,9,Jawa Barat,
2026,10,Jawa Barat,
2026,11,Jawa Barat,
2026,12,Jawa Barat,
2026,1,Jawa Tengah,
2026,2,Jawa Tengah,
2026,3,Jawa Tengah,
2026,4,Jawa Tengah,
2026,5,Jawa Tengah,
2026,6,Jawa Tengah,
2026,7,Jawa Tengah,
2026,8,Jawa Tengah,
2026,9,Jawa Tengah,
2026,10,Jawa Tengah,
2026,11,Jawa Tengah,
2026,12,Jawa Tengah,
2026,1,DI Yogyakarta,
2026,2,DI Yogyakarta,
2026,3,DI Yogyakarta,
2026,4,DI Yogyakarta,
2026,5,DI Yogyakarta,
2026,6,DI Yogyakarta,
2026,7,DI Yogyakarta,
2026,8,DI Yogyakarta,
2026,9,DI Yogyakarta,
2026,10,DI Yogyakarta,
2026,11,DI Yogyakarta,
2026,12,DI Yogyakarta,
2026,1,Jawa Timur,
2026,2,Jawa Timur,
2026,3,Jawa Timur,
2026,4,Jawa Timur,
2026,5,Jawa Timur,
2026,6,Jawa Timur,
2026,7,Jawa Timur,
2026,8,Jawa Timur,
2026,9,Jawa Timur,
2026,10,Jawa Timur,
2026,11,Jawa Timur,
2026,12,Jawa Timur,
2026,1,Banten,
2026,2,Banten,
2026,3,Banten,
2026,4,Banten,
2026,5,Banten,
2026,6,Banten,
2026,7,Banten,
2026,8,Banten,
2026,9,Banten,
2026,10,Banten,
2026,11,Banten,
2026,12,Banten,
2026,1,Bali,
2026,2,Bali,
2026,3,Bali,
2026,4,Bali,
2026,5,Bali,
2026,6,Bali,
2026,7,Bali,
2026,8,Bali,
2026,9,Bali,
2026,10,Bali,
2026,11,Bali,
2026,12,Bali,
2026,1,Nusa Tenggara Barat,
2026,2,Nusa Tenggara Barat,
2026,3,Nusa Tenggara Barat,
2026,4,Nusa Tenggara Barat,
2026,5,Nusa Tenggara Barat,
2026,6,Nusa Tenggara Barat,
2026,7,Nusa Tenggara Barat,
2026,8,Nusa Tenggara Barat,
2026,9,Nusa Tenggara Barat,
2026,10,Nusa Tenggara Barat,
2026,11,Nusa Tenggara Barat,
2026,12,Nusa Tenggara Barat,
2026,1,Nusa Tenggara Timur,
2026,2,Nusa Tenggara Timur,
2026,3,Nusa Tenggara Timur,
2026,4,Nusa Tenggara Timur,
2026,5,Nusa Tenggara Timur,
2026,6,Nusa Tenggara Timur,
2026,7,Nusa Tenggara Timur,
2026,8,Nusa Tenggara Timur,
2026,9,Nusa Tenggara Timur,
2026,10,Nusa Tenggara Timur,
2026,11,Nusa Tenggara Timur,
2026,12,Nusa Tenggara Timur,
2026,1,Kalimantan Barat,
2026,2,Kalimantan Barat,
2026,3,Kalimantan Barat,
2026,4,Kalimantan Barat,
2026,5,Kalimantan Barat,
2026,6,Kalimantan Barat,
2026,7,Kalimantan Barat,
2026,8,Kalimantan Barat,
2026,9,Kalimantan Barat,
2026,10,Kalimantan Barat,
2026,11,Kalimantan Barat,
2026,12,Kalimantan Barat,
2026,1,Kalimantan Tengah,
2026,2,Kalimantan Tengah,
2026,3,Kalimantan Tengah,
2026,4,Kalimantan Tengah,
2026,5,Kalimantan Tengah,
2026,6,Kalimantan Tengah,
2026,7,Kalimantan Tengah,
2026,8,Kalimantan Tengah,
2026,9,Kalimantan Tengah,
2026,10,Kalimantan Tengah,
2026,11,Kalimantan Tengah,
2026,12,Kalimantan Tengah,
2026,1,Kalimantan Selatan,
2026,2,Kalimantan Selatan,
2026,3,Kalimantan Selatan,
2026,4,Kalimantan Selatan,
2026,5,Kalimantan Selatan,
2026,6,Kalimantan Selatan,
2026,7,Kalimantan Selatan,
2026,8,Kalimantan Selatan,
2026,9,Kalimantan Selatan,
2026,10,Kalimantan Selatan,
2026,11,Kalimantan Selatan,
2026,12,Kalimantan Selatan,
2026,1,Kalimantan Timur,
2026,2,Kalimantan Timur,
2026,3,Kalimantan Timur,
2026,4,Kalimantan Timur,
2026,5,Kalimantan Timur,
2026,6,Kalimantan Timur,
2026,7,Kalimantan Timur,
2026,8,Kalimantan Timur,
2026,9,Kalimantan Timur,
2026,10,Kalimantan Timur,
2026,11,Kalimantan Timur,
2026,12,Kalimantan Timur,
2026,1,Kalimantan Utara,
2026,2,Kalimantan Utara,
2026,3,Kalimantan Utara,
2026,4,Kalimantan Utara,
2026,5,Kalimantan Utara,
2026,6,Kalimantan Utara,
2026,7,Kalimantan Utara,
2026,8,Kalimantan Utara,
2026,9,Kalimantan Utara,
2026,10,Kalimantan Utara,
2026,11,Kalimantan Utara,
2026,12,Kalimantan Utara,
2026,1,Sulawesi Utara,
2026,2,Sulawesi Utara,
2026,3,Sulawesi Utara,
2026,4,Sulawesi Utara,
2026,5,Sulawesi Utara,
2026,6,Sulawesi Utara,
2026,7,Sulawesi Utara,
2026,8,Sulawesi Utara,
2026,9,Sulawesi Utara,
2026,10,Sulawesi Utara,
2026,11,Sulawesi Utara,
2026,12,Sulawesi Utara,
2026,1,Sulawesi Tengah,
2026,2,Sulawesi Tengah,
2026,3,Sulawesi Tengah,
2026,4,Sulawesi Tengah,
2026,5,Sulawesi Tengah,
2026,6,Sulawesi Tengah,
2026,7,Sulawesi Tengah,
2026,8,Sulawesi Tengah,
2026,9,Sulawesi Tengah,
2026,10,Sulawesi Tengah,
2026,11,Sulawesi Tengah,
2026,12,Sulawesi Tengah,
2026,1,Sulawesi Selatan,
2026,2,Sulawesi Selatan,
2026,3,Sulawesi Selatan,
2026,4,Sulawesi Selatan,
2026,5,Sulawesi Selatan,
2026,6,Sulawesi Selatan,
2026,7,Sulawesi Selatan,
2026,8,Sulawesi Selatan,
2026,9,Sulawesi Selatan,
2026,10,Sulawesi Selatan,
2026,11,Sulawesi Selatan,
2026,12,Sulawesi Selatan,
2026,1,Sulawesi Tenggara,
2026,2,Sulawesi Tenggara,
2026,3,Sulawesi Tenggara,
2026,4,Sulawesi Tenggara,
2026,5,Sulawesi Tenggara,
2026,6,Sulawesi Tenggara,
2026,7,Sulawesi Tenggara,
2026,8,Sulawesi Tenggara,
2026,9,Sulawesi Tenggara,
2026,10,Sulawesi Tenggara,
2026,11,Sulawesi Tenggara,
2026,12,Sulawesi Tenggara,
2026,1,Gorontalo,
2026,2,Gorontalo,
2026,3,Gorontalo,
2026,4,Gorontalo,
2026,5,Gorontalo,
2026,6,Gorontalo,
2026,7,Gorontalo,
2026,8,Gorontalo,
2026,9,Gorontalo,
2026,10,Gorontalo,
2026,11,Gorontalo,
2026,12,Gorontalo,
2026,1,Sulawesi Barat,
2026,2,Sulawesi Barat,
2026,3,Sulawesi Barat,
2026,4,Sulawesi Barat,
2026,5,Sulawesi Barat,
2026,6,Sulawesi Barat,
2026,7,Sulawesi Barat,
2026,8,Sulawesi Barat,
2026,9,Sulawesi Barat,
2026,10,Sulawesi Barat,
2026,11,Sulawesi Barat,
2026,12,Sulawesi Barat,
2026,1,Maluku,
2026,2,Maluku,
2026,3,Maluku,
2026,4,Maluku,
2026,5,Maluku,
2026,6,Maluku,
2026,7,Maluku,
2026,8,Maluku,
2026,9,Maluku,
2026,10,Maluku,
2026,11,Maluku,
2026,12,Maluku,
2026,1,Maluku Utara,
2026,2,Maluku Utara,
2026,3,Maluku Utara,
2026,4,Maluku Utara,
2026,5,Maluku Utara,
2026,6,Maluku Utara,
2026,7,Maluku Utara,
2026,8,Maluku Utara,
2026,9,Maluku Utara,
2026,10,Maluku Utara,
2026,11,Maluku Utara,
2026,12,Maluku Utara,
2026,1,Papua,
2026,2,Papua,
2026,3,Papua,
2026,4,Papua,
2026,5,Papua,
2026,6,Papua,
2026,7,Papua,
2026,8,Papua,
2026,9,Papua,
2026,10,Papua,
2026,11,Papua,
2026,12,Papua,
2026,1,Papua Barat,
2026,2,Papua Barat,
2026,3,Papua Barat,
2026,4,Papua Barat,
2026,5,Papua Barat,
2026,6,Papua Barat,
2026,7,Papua Barat,
2026,8,Papua Barat,
2026,9,Papua Barat,
2026,10,Papua Barat,
2026,11,Papua Barat,
2026,12,Papua Barat,
2026,1,Papua Selatan,
2026,2,Papua Selatan,
2026,3,Papua Selatan,
2026,4,Papua Selatan,
2026,5,Papua Selatan,
2026,6,Papua Selatan,
2026,7,Papua Selatan,
2026,8,Papua Selatan,
2026,9,Papua Selatan,
2026,10,Papua Selatan,
2026,11,Papua Selatan,
2026,12,Papua Selatan,
2026,1,Papua Tengah,
2026,2,Papua Tengah,
2026,3,Papua Tengah,
2026,4,Papua Tengah,
2026,5,Papua Tengah,
2026,6,Papua Tengah,
2026,7,Papua Tengah,
2026,8,Papua Tengah,
2026,9,Papua Tengah,
2026,10,Papua Tengah,
2026,11,Papua Tengah,
2026,12,Papua Tengah,
2026,1,Papua Pegunungan,
2026,2,Papua Pegunungan,
2026,3,Papua Pegunungan,
2026,4,Papua Pegunungan,
2026,5,Papua Pegunungan,
2026,6,Papua Pegunungan,
2026,7,Papua Pegunungan,
2026,8,Papua Pegunungan,
2026,9,Papua Pegunungan,
2026,10,Papua Pegunungan,
2026,11,Papua Pegunungan,
2026,12,Papua Pegunungan,
2026,1,Papua Barat Daya,
2026,2,Papua Barat Daya,
2026,3,Papua Barat Daya,
2026,4,Papua Barat Daya,
2026,5,Papua Barat Daya,
2026,6,Papua Barat Daya,
2026,7,Papua Barat Daya,
2026,8,Papua Barat Daya,
2026,9,Papua Barat Daya,
2026,10,Papua Barat Daya,
2026,11,Papua Barat Daya,
2026,12,Papua Barat Daya,
